[ 
  {"name": "Tbull", "description": "A Utility Token on Binance Smart Chain for Payments for Services", "url": "tbull.live", "category": "Utility"},
  {"name": "Rare Coin", "description": "Free Crypto Faucet & Yeild Farming", "url": "make.rare.claims", "category": "Tool"},
  {"name": "Phiswap", "description": "Swap On The Largest & Fastest Growing Decentralized Exchange", "url": "https://app.phiswap.com", "category": "Finance"},
  {"name": "Phitoken", "description": "Easily Mint New PHI20 Tokens From Any Device", "url": "https://app.phitoken.com", "category": "Tool"},
  {"name": "PHI.Auction", "description": "Mint, Buy, Sell NFT Marketplace On PHI Network Smart Chain", "url": "https://phi.auction", "category": "Marketplace"},
  {"name": "Eporio", "description": "The cheaper marketplace for NFT - Non Fungible Tokens", "url": "https://epor.io", "category": "Marketplace"},
  {"name": "DeFiBox", "description": "one-stop DeFi asset, data and protocols aggregation platform", "url": "https://www.defibox.com/index?utm_source=2189969", "category": "Tool"},
  {"name": "TokenSets", "description": "Enhance your portfolio with automated asset management strategies.", "url": "https://www.tokensets.com/", "category": "Finance"},
  {"name": "State of the ÐApps", "description": "Directory of Decentralized Applications", "url": "https://www.stateofthedapps.com/", "category": "Directory"},
  {"name": "BulkSender", "description": "Batch sending of tokens", "url": "https://bulksender.app/", "category": "Finance"},
  {"name": "Loanscan", "description": "Get the best return for your Tokens", "url": "https://loanscan.io/", "category": "Finance"},
  {"name": "Fuse Studio", "description": "Turning communities into economies", "url": "https://studio.fusenet.io/", "category": "Finance"},
  {"name": "Axie Infinity", "description": "Collect and raise fantasy creatures", "url": "https://axieinfinity.com/", "category": "Game"},
  {"name": "ChickenHunt", "description": "character-growing IDLE game", "url": "https://chickenhunt.io/", "category": "Game"},
  {"name": "CryptoCare", "description": "Social Impact Collectibles", "url": "https://cryptocare.tech/adopt/cryptocare", "category": "Game"},
  {"name": "Dice2win", "description": "Simple and fair dice game", "url": "https://dice2.win/", "category": "Game"},
  {"name": "Dragonereum", "description": "Own and trade dragons, fight with other players", "url": "https://dapp.dragonereum.io/", "category": "Game"},
  {"name": "HyperDragons", "description": "Large scale strategy battle game", "url": "https://hyperdragons.alfakingdom.com/", "category": "Game"},
  {"name": "MoveCastle", "description": "Learn Libra Move through game", "url": "https://learnlibramove.com/", "category": "Game"},
  {"name": "Last Trip", "description": "A RPG game", "url": "http://lasttrip.matrixdapp.com/", "category": "Game"},
  {"name": "LORDLESS", "description": "Be a bounty hunter in my tavern", "url": "https://game.lordless.io/home", "category": "Game"},
  {"name": "MLB Crypto Baseball", "description": "Baseball collectible game", "url": "https://mlbcryptobaseball.com", "category": "Game"},
  {"name": "Radi.Cards", "description": "Creative, unique art pieces from from all around the interwebs.", "url": "https://radi.cards/cardshop", "category": "Game"},
  {"name": "Augur", "description": "Decentralized prediction market", "url": "https://www.augur.net/ipfs-redirect.html", "category": "Marketplace"},
  {"name": "Name Bazaar", "description": "A peer-to-peer marketplace for the exchange of names registered via the ENS", "url": "https://namebazaar.io/", "category": "Marketplace"},
  {"name": "OpenSea", "description": "Peer-to-peer marketplace for scarce digital goods", "url": "https://opensea.io", "category": "Marketplace"},
  {"name": "SuperRare", "description": "Collect art or submit your art as a creator", "url": "https://superrare.co/", "category": "Marketplace"},
  {"name": "Veil", "description": "A peer-to-peer trading platform for prediction markets and derivatives", "url": "https://app.veil.co/", "category": "Marketplace"},
  {"name": "Gravity", "description": "Create your gravatar.", "url": "https://gravity.cool/", "category": "Property"},
  {"name": "Mokens", "description": "Create your own collectibles", "url": "https://mokens.io/", "category": "Property"},
  {"name": "TENZ-ID", "description": "TENZ-ID is a Decentralized Blockchain naming system", "url": "https://tenzorum.org/tenz_id/", "category": "Property"},
  {"name": "PHI Network", "description": "Decentralized Social Media, Earn, Entertain, Engage & Exchange", "url": "https://phi.network", "category": "Social Media"},
  {"name": "Phiswap", "description": "Swap, earn, and build on PHI Networks leading decentralized crypto trading protocol.", "url": "https://app.phiswap.com", "category": "Exchange"},
  {"name": "MonitorChain", "description": "Real-time surveillance", "url": "https://secure.monitorchain.com/", "category": "Security"},
  {"name": "Cent", "description": "Earn cryptocurrency sharing your wisdom and creativity.", "url": "https://beta.cent.co/", "category": "Social Media"},
  {"name": "Indorse", "description": "Professional Network", "url": "https://indorse.io/", "category": "Social Media"},
  {"name": "Peepeth", "description": "Unstoppable microblogging", "url": "https://peepeth.com/welcome", "category": "Social Media"},
  {"name": "Amberdata", "description": "Your platform for blockchain health and intelligence.", "url": "https://amberdata.io/", "category": "Tool"},
  {"name": "Gitcoin", "description": "Incentivize or monetize work.", "url": "https://gitcoin.co/", "category": "Tool"},
  {"name": "Is that my Contract?", "description": "Find and use all your smart contracts", "url": "https://alphawallet.github.io/dude-where-is-my-dapp/", "category": "Tool"},
  {"name": "Kickback", "description": "Event management platform", "url": "https://kickback.events/", "category": "Tool"},
  {"name": "NFT Token Factory", "description": "Create an ERC875 NFT contract at the click of a button", "url": "https://tf.alphawallet.com/", "category": "Tool"},
  {"name": "SmartDrops", "description": "A platform that lets people earn crypto by joining new token projects.", "url": "https://www.smartdrops.io/", "category": "Tool"},
  {"name": "xDai Bridge", "description": "xDai/Ethereum bridge for self transfers of Dai to xDai", "url": "https://dai-bridge.poa.network/", "category": "Tool"},
  {"name": "Alfacash", "description": "Trade crypto instantly. ETH, BTC, XRP and 30+ other coins and tokens", "url": "https://www.alfa.cash/", "category": "Exchange"},
  {"name": "0x Instant", "description": "A free and flexible way to offer simple crypto purchasing", "url": "http://0x-instant-staging.s3-website-us-east-1.amazonaws.com/", "category": "Exchange"},
  {"name": "KyberSwap", "description": "Instant and Secure Token to Token Swaps", "url": "https://kyber.network/swap/eth_knc", "category": "Exchange"},  
  {"name": "Kyber Migration Portal", "description": "Migration portal to upgrade legacy KNC to ERC-20 KNC tokens", "url": "https://kyber.org/migrate", "category": "Token Migration"},  
  {"name": "localethereum", "description": "Peer-to-peer marketplace allowing to trade eth to fiat", "url": "https://localethereum.com/", "category": "Exchange"},
  {"name": "Totle", "description": "Aggregating the liquidity of the top decentralized exchanges", "url": "https://app.totle.com/", "category": "Exchange"},
  {"name": "Uniswap", "description": "Protocol for automated token exchange", "url": "https://uniswap.exchange", "category": "Exchange"},
  {"name": "Compound", "description": "Algorithmic money markets", "url": "https://app.compound.finance/", "category": "Finance"},
  {"name": "expo", "description": "Short/Leverage ETH", "url": "https://www.expotrading.com/trade", "category": "Finance"},
  {"name": "MakerDAO CDP Portal", "description": "Where you can interact with the Dai Credit System", "url": "https://cdp.makerdao.com/", "category": "Finance"},
  {"name": "Nexo", "description": "Instant Crypto Loans", "url": "https://nexo.io/", "category": "Finance"},
  {"name": "AirSwap", "description": "Peer-to-Peer trading on Ethereum", "url": "https://instant.airswap.io", "category": "Exchange"},
  {"name": "Chibi Fighters", "description": "Chibi Fighters are fierce little warriors that know no mercy", "url": "https://chibifighters.io", "category": "Game"},
  {"name": "CryptoKitties", "description": "Collect and breed digital cats!", "url": "https://cryptokitties.co", "category": "Game"},
  {"name": "BTU Hotel", "description": "BTU Hotel is a hotel booking Dapp takes 0% commission. Dapp user earns 100% of the hotel commission directly in crypto into their preferred browser wallet", "url": "https://btu-hotel.com", "category": "Travel"},
  {"name": "Bidali", "description": "Buy from top brands with crypto", "url": "https://commerce.bidali.com/dapp", "category": "Marketplace"},
  {"name": "Zerion", "description": "Trade and manage your digital assets across different wallets in one interface", "url": "https://zerion.io", "category": "Finance"},
  {"name": "ENS domain manager", "description": "Manage ENS domains", "url": "https://manager.ens.domains", "category": "Tool"},
  {"name": "Humanity", "description": "Human Identity on Ethereum", "url": "https://humanitydao.org", "category": "Social Media"},
  {"name": "DEX.AG", "description": "Trade cryptoassets at the best price", "url": "https://dex.ag", "category": "Exchange"},
  {"name": "Totle Swap", "description": "Totle automatically finds and acquires the best price across decentralized exchanges for ERC-20 swaps", "url": "https://swap.totle.com", "category": "Exchange"},
  {"name": "ATS Bridge", "description": "ATS/ATS20 bridge for self transfers of ATS to ATS20", "url": "https://bridge.artis.network/", "category": "Tool"},
  {"name": "dForce USDx", "description": "A decentralized and synthetic indexed stablecoin with interest bearing capability", "url": "https://usdx.dforce.network/", "category": "Finance"},
  {"name": "LENDF.ME", "description": "Algorithmic money markets for dForce USDx", "url": "https://www.lendf.me/", "category": "Finance"},
  {"name": "1inch.exchange", "description": "DEX Aggregator with the best prices on the market. Achieving best rates by splitting orders among multiple DEXes in one single transaction.", "url": "https://1inch.exchange", "category": "Exchange"},
  {"name": "SpiderDEX", "description": "Decentralized exchange for crypto collectibles.", "url": "https://www.spiderdex.com", "category": "Exchange"},
  {"name": "DeFi Money Market (DMM)", "description": "Earn interest on your crypto through tokenized real world assets", "url": "https://app.defimoneymarket.com", "category": "Finance"},
  {"name": "Idle Finance", "description": "DeFi Yield Aggregator and Rebalancing Protocol", "url": "https://idle.finance", "category": "Finance"},
  {"name": "GG Copyright EX", "description": "GeekGit Copyright Exchange for Music & Web Literature", "url": "https://crex.geekgit.com", "category": "Exchange"},
  {"name": "DerivaDEX | Insurance Fund", "description": "DerivaDEX is the next generation of crypto derivatives. Begin earning DDX by bootstrapping the insurance fund.", "url": "https://insurance.derivadex.com", "category": "Finance"},
  {"name": "SCV.Finance", "description": "Get a big picture of all your digital assets locked inside various DeFi projects across multiple blockchains.", "url": "https://scv.finance", "category": "Tool"},
  {"name": "Mushrooms Finance", "description": "Sustainable crypto earning in DeFi", "url": "https://mushrooms.finance/", "category": "Finance"},
  {"name": "Levinswap", "description": "Decentralized exchange for trading crypto and serurities tokens", "url": "https://app.levinswap.org/", "category": "Exchange"},
  {"name": "Eth Gas Station", "description": "Consumer oriented metrics for Eth Gas Market", "url": "https://ethgasstation.info", "category": "Tool"},
  {"name": "Gas Now", "description": "Eth Gas Price forecast system", "url": "https://www.gasnow.org/", "category": "Tool"},
  {"name": "Matic Testnet Faucet", "description": "Matic Faucet to access Mumbai and Goerli testnet tokens", "url": "https://faucet.matic.network/", "category": "Tool"},
  {"name": "NAOS Finance", "description": "A DeFi lending protocol allowing lenders and SME borrowers to facilitate permissionless and borderless loaning/borrowing transactions", "url": "https://naos.finance", "category": "Finance"},
  {"name": "DASLA", "description": "A DAS (Decentralized Account System) account registration tool.", "url": "https://das.la", "category": "Tool"},
  {"name": ".bit (Previously DAS)", "description": "Your decentralized identity for Web3.0 life", "url": "https://did.id/", "category": "Tool"},
  {"name": "NFTSCAN", "description": "NFT Explorer.", "url": "https://nftscan.com/", "category": "Tool"},
  {"name": "AAG Staking", "description": "Stake your $1AAG or $1AAG-ONE LP Tokens on our staking website to earn huge rewards. Benefit from high APRs and Capital Boosts with our Genesis NFTs.", "url": "https://staking.aag.ventures/", "category": "Finance"},
  {"name": "MetaPath", "description": "Assets can be routed across different blockchains", "url": "https://dapp.path.finance?source=alpha", "category": "Exchange"},
  {"name": "SWFT", "description": "One Stop Cross-Chain swap, supporting 300+ tokens on 30+ chains", "url": "https://defi.swft.pro?sourceFlag=alpha", "category": "Exchange"},
  {"name": "Swapzone", "description": "Swapzone is a custody-free cryptocurrency exchange aggregator with no registration needed.", "url": "https://swapzone.io/", "category": "Exchange"},
  {"name": "mail³", "description": "Decentralized mail system for web3 natives.", "url": "https://app.mail3.me/", "category": "Social Media"},
  {"name": "ApeNow", "description": "Buy now, pay later marketplace for NFTs.", "url": "https://www.apenowpaylater.com/", "category": "Marketplace"},
  {"name": "AirCash", "description": "AirCash is the first and largest decentralized OTC platform in the galaxy.", "url": "https://aircash.finance", "category": "Exchange"},
  {"name": "Lido", "description": "Liquidity for staked assets", "url": "https://lido.fi/", "category": "Finance"}
]
