{
  "project_info": {
    "project_number": "912726360885",
    "firebase_url": "https://vector-alpha.firebaseio.com",
    "project_id": "vector-alpha",
    "storage_bucket": "vector-alpha.appspot.com"
  },
  "client": [
    {
      "client_info": {
        "mobilesdk_app_id": "1:912726360885:android:4ef8f3a0021e774d",
        "android_client_info": {
          "package_name": "im.vector.app.debug"
        }
      },
      "oauth_client": [
        {
          "client_id": "912726360885-e87n3jva9uoj4vbidvijq78ebg02asv2.apps.googleusercontent.com",
          "client_type": 3
        }
      ],
      "api_key": [
        {
          "current_key": "AIzaSyAFZX8IhIfgzdOZvxDP_ISO5WYoU7jmQ5c"
        }
      ],
      "services": {
        "appinvite_service": {
          "other_platform_oauth_client": [
            {
              "client_id": "912726360885-rsae0i66rgqt6ivnudu1pv4tksg9i8b2.apps.googleusercontent.com",
              "client_type": 3
            }
          ]
        }
      }
    }
  ],
  "configuration_version": "1"
}