{
  "project_info": {
    "project_number": "409922468441",
    "firebase_url": "https://alpha-wallet-android-186eb.firebaseio.com",
    "project_id": "alpha-wallet-android-186eb",
    "storage_bucket": "alpha-wallet-android-186eb.appspot.com"
  },
  "client": [
    {
      "client_info": {
        "mobilesdk_app_id": "1:409922468441:android:4695da910af3c1e8",
        "android_client_info": {
          "package_name": "io.stormbird.wallet"
        }
      },
      "oauth_client": [
        {
          "client_id": "409922468441-ob3b2hpr9ftopgcki00s5mvr0cmtut1m.apps.googleusercontent.com",
          "client_type": 1,
          "android_info": {
            "package_name": "io.stormbird.wallet",
            "certificate_hash": "a0f71d66080a0678f7a9ae27aa781aaeb8e1b911"
          }
        },
        {
          "client_id": "409922468441-379o98s1143kp1vlgk26e140ej1mgoq0.apps.googleusercontent.com",
          "client_type": 3
        }
      ],
      "api_key": [
        {
          "current_key": "AIzaSyANAsW3omQK0Ze19NlIXtQTWNhZWv_PS3k"
        }
      ],
      "services": {
        "analytics_service": {
          "status": 1
        },
        "appinvite_service": {
          "status": 2,
          "other_platform_oauth_client": [
            {
              "client_id": "409922468441-379o98s1143kp1vlgk26e140ej1mgoq0.apps.googleusercontent.com",
              "client_type": 3
            }
          ]
        },
        "ads_service": {
          "status": 2
        }
      }
    }
  ],
  "configuration_version": "1"
}